{"type":"FeatureCollection","metadata":{"generated":1483946724000,"url":"http://earthquake.usgs.gov/earthquakes/feed/v1.0/summary/4.5_week.geojson","title":"USGS Magnitude 4.5+ Earthquakes, Past Week","status":200,"api":"1.5.2","count":105},"features":[{"type":"Feature","properties":{"mag":5,"place":"37km SSE of Shahrtuz, Tajikistan","time":1483941550410,"updated":1483942595040,"tz":270,"url":"http://earthquake.usgs.gov/earthquakes/eventpage/us10007s32","detail":"http://earthquake.usgs.gov/earthquakes/feed/v1.0/detail/us10007s32.geojson","felt":null,"cdi":null,"mmi":null,"alert":null,"status":"reviewed","tsunami":0,"sig":385,"net":"us","code":"10007s32","ids":",us10007s32,","sources":",us,","types":",geoserve,origin,phase-data,","nst":null,"dmin":0.625,"rms":1.13,"gap":53,"magType":"mb","type":"earthquake","title":"M 5.0 - 37km SSE of Shahrtuz, Tajikistan"},"geometry":{"type":"Point","coordinates":[68.2942,36.9505,26.53]},"id":"us10007s32"},
{"type":"Feature","properties":{"mag":4.9,"place":"139km WNW of Hihifo, Tonga","time":1483931665360,"updated":1483933116040,"tz":-720,"url":"http://earthquake.usgs.gov/earthquakes/eventpage/us10007s2n","detail":"http://earthquake.usgs.gov/earthquakes/feed/v1.0/detail/us10007s2n.geojson","felt":null,"cdi":null,"mmi":null,"alert":null,"status":"reviewed","tsunami":0,"sig":369,"net":"us","code":"10007s2n","ids":",us10007s2n,","sources":",us,","types":",geoserve,origin,phase-data,","nst":null,"dmin":3.272,"rms":0.96,"gap":64,"magType":"mb","type":"earthquake","title":"M 4.9 - 139km WNW of Hihifo, Tonga"},"geometry":{"type":"Point","coordinates":[-174.8522,-15.2763,229.41]},"id":"us10007s2n"},
{"type":"Feature","properties":{"mag":4.7,"place":"Kepulauan Barat Daya, Indonesia","time":1483928020490,"updated":1483929238040,"tz":540,"url":"http://earthquake.usgs.gov/earthquakes/eventpage/us10007s2g","detail":"http://earthquake.usgs.gov/earthquakes/feed/v1.0/detail/us10007s2g.geojson","felt":null,"cdi":null,"mmi":null,"alert":null,"status":"reviewed","tsunami":0,"sig":340,"net":"us","code":"10007s2g","ids":",us10007s2g,","sources":",us,","types":",geoserve,origin,phase-data,","nst":null,"dmin":2.861,"rms":1.46,"gap":57,"magType":"mb","type":"earthquake","title":"M 4.7 - Kepulauan Barat Daya, Indonesia"},"geometry":{"type":"Point","coordinates":[128.4437,-7.552,133.1]},"id":"us10007s2g"},
{"type":"Feature","properties":{"mag":5.2,"place":"Macquarie Island region","time":1483923110450,"updated":1483924085040,"tz":660,"url":"http://earthquake.usgs.gov/earthquakes/eventpage/us10007s2c","detail":"http://earthquake.usgs.gov/earthquakes/feed/v1.0/detail/us10007s2c.geojson","felt":null,"cdi":null,"mmi":null,"alert":null,"status":"reviewed","tsunami":0,"sig":416,"net":"us","code":"10007s2c","ids":",us10007s2c,","sources":",us,","types":",geoserve,origin,phase-data,","nst":null,"dmin":6.126,"rms":0.7,"gap":110,"magType":"mb","type":"earthquake","title":"M 5.2 - Macquarie Island region"},"geometry":{"type":"Point","coordinates":[159.9532,-60.5842,10]},"id":"us10007s2c"},
{"type":"Feature","properties":{"mag":4.5,"place":"29km NNW of La Serena, Chile","time":1483922435160,"updated":1483926162672,"tz":-240,"url":"http://earthquake.usgs.gov/earthquakes/eventpage/us10007s2a","detail":"http://earthquake.usgs.gov/earthquakes/feed/v1.0/detail/us10007s2a.geojson","felt":1,"cdi":1,"mmi":null,"alert":null,"status":"reviewed","tsunami":0,"sig":312,"net":"us","code":"10007s2a","ids":",us10007s2a,","sources":",us,","types":",dyfi,geoserve,origin,phase-data,","nst":null,"dmin":0.284,"rms":0.88,"gap":120,"magType":"mb","type":"earthquake","title":"M 4.5 - 29km NNW of La Serena, Chile"},"geometry":{"type":"Point","coordinates":[-71.3678,-29.6563,43.76]},"id":"us10007s2a"},
{"type":"Feature","properties":{"mag":5,"place":"164km SSW of Ndoi Island, Fiji","time":1483922226500,"updated":1483923657040,"tz":-720,"url":"http://earthquake.usgs.gov/earthquakes/eventpage/us10007s2b","detail":"http://earthquake.usgs.gov/earthquakes/feed/v1.0/detail/us10007s2b.geojson","felt":null,"cdi":null,"mmi":null,"alert":null,"status":"reviewed","tsunami":0,"sig":385,"net":"us","code":"10007s2b","ids":",us10007s2b,","sources":",us,","types":",geoserve,origin,phase-data,","nst":null,"dmin":4.808,"rms":0.83,"gap":54,"magType":"mb","type":"earthquake","title":"M 5.0 - 164km SSW of Ndoi Island, Fiji"},"geometry":{"type":"Point","coordinates":[-179.4484,-21.9609,587.1]},"id":"us10007s2b"},
{"type":"Feature","properties":{"mag":5.8,"place":"86km ESE of Resolute, Canada","time":1483919232530,"updated":1483932602659,"tz":-360,"url":"http://earthquake.usgs.gov/earthquakes/eventpage/us10007s20","detail":"http://earthquake.usgs.gov/earthquakes/feed/v1.0/detail/us10007s20.geojson","felt":6,"cdi":4.8,"mmi":6.49,"alert":"green","status":"reviewed","tsunami":1,"sig":520,"net":"us","code":"10007s20","ids":",us10007s20,at00ojhjej,","sources":",us,at,","types":",dyfi,geoserve,impact-link,losspager,origin,phase-data,shakemap,","nst":null,"dmin":0.789,"rms":1.12,"gap":32,"magType":"mwp","type":"earthquake","title":"M 5.8 - 86km ESE of Resolute, Canada"},"geometry":{"type":"Point","coordinates":[-92.3053,74.3204,18.93]},"id":"us10007s20"},
{"type":"Feature","properties":{"mag":4.9,"place":"264km ESE of Lambasa, Fiji","time":1483907061820,"updated":1483908004040,"tz":-720,"url":"http://earthquake.usgs.gov/earthquakes/eventpage/us10007s15","detail":"http://earthquake.usgs.gov/earthquakes/feed/v1.0/detail/us10007s15.geojson","felt":null,"cdi":null,"mmi":null,"alert":null,"status":"reviewed","tsunami":0,"sig":369,"net":"us","code":"10007s15","ids":",us10007s15,","sources":",us,","types":",geoserve,origin,phase-data,","nst":null,"dmin":3.334,"rms":0.85,"gap":91,"magType":"mb","type":"earthquake","title":"M 4.9 - 264km ESE of Lambasa, Fiji"},"geometry":{"type":"Point","coordinates":[-178.4534,-17.5955,556.4]},"id":"us10007s15"},
{"type":"Feature","properties":{"mag":4.6,"place":"6km SSE of Santa Teresa, Nicaragua","time":1483899958710,"updated":1483905801040,"tz":-360,"url":"http://earthquake.usgs.gov/earthquakes/eventpage/us10007s0v","detail":"http://earthquake.usgs.gov/earthquakes/feed/v1.0/detail/us10007s0v.geojson","felt":null,"cdi":null,"mmi":null,"alert":null,"status":"reviewed","tsunami":0,"sig":326,"net":"us","code":"10007s0v","ids":",us10007s0v,","sources":",us,","types":",geoserve,origin,phase-data,","nst":null,"dmin":0.912,"rms":0.83,"gap":56,"magType":"mb","type":"earthquake","title":"M 4.6 - 6km SSE of Santa Teresa, Nicaragua"},"geometry":{"type":"Point","coordinates":[-86.187,11.6878,118.68]},"id":"us10007s0v"},
{"type":"Feature","properties":{"mag":4.5,"place":"5km WSW of Jahanian Shah, Pakistan","time":1483882286370,"updated":1483920012258,"tz":300,"url":"http://earthquake.usgs.gov/earthquakes/eventpage/us10007rzn","detail":"http://earthquake.usgs.gov/earthquakes/feed/v1.0/detail/us10007rzn.geojson","felt":4,"cdi":3.4,"mmi":null,"alert":null,"status":"reviewed","tsunami":0,"sig":313,"net":"us","code":"10007rzn","ids":",us10007rzn,","sources":",us,","types":",dyfi,geoserve,origin,phase-data,","nst":null,"dmin":2.052,"rms":1.23,"gap":62,"magType":"mb","type":"earthquake","title":"M 4.5 - 5km WSW of Jahanian Shah, Pakistan"},"geometry":{"type":"Point","coordinates":[72.2173,31.7936,10]},"id":"us10007rzn"},
{"type":"Feature","properties":{"mag":4.5,"place":"31km SE of San Dionisio Ocotepec, Mexico","time":1483877764730,"updated":1483924857622,"tz":-360,"url":"http://earthquake.usgs.gov/earthquakes/eventpage/us10007rze","detail":"http://earthquake.usgs.gov/earthquakes/feed/v1.0/detail/us10007rze.geojson","felt":5,"cdi":3.8,"mmi":null,"alert":null,"status":"reviewed","tsunami":0,"sig":313,"net":"us","code":"10007rze","ids":",us10007rze,","sources":",us,","types":",dyfi,geoserve,impact-text,origin,phase-data,","nst":null,"dmin":2.461,"rms":0.91,"gap":140,"magType":"mb","type":"earthquake","title":"M 4.5 - 31km SE of San Dionisio Ocotepec, Mexico"},"geometry":{"type":"Point","coordinates":[-96.2016,16.5852,62.94]},"id":"us10007rze"},
{"type":"Feature","properties":{"mag":5,"place":"123km NNE of Farallon de Pajaros, Northern Mariana Islands","time":1483875665470,"updated":1483876903040,"tz":600,"url":"http://earthquake.usgs.gov/earthquakes/eventpage/us10007rzc","detail":"http://earthquake.usgs.gov/earthquakes/feed/v1.0/detail/us10007rzc.geojson","felt":null,"cdi":null,"mmi":null,"alert":null,"status":"reviewed","tsunami":0,"sig":385,"net":"us","code":"10007rzc","ids":",us10007rzc,","sources":",us,","types":",geoserve,origin,phase-data,","nst":null,"dmin":6.262,"rms":0.72,"gap":82,"magType":"mb","type":"earthquake","title":"M 5.0 - 123km NNE of Farallon de Pajaros, Northern Mariana Islands"},"geometry":{"type":"Point","coordinates":[145.4423,21.5282,38.46]},"id":"us10007rzc"},
{"type":"Feature","properties":{"mag":4.6,"place":"Kepulauan Barat Daya, Indonesia","time":1483867545230,"updated":1483868470040,"tz":540,"url":"http://earthquake.usgs.gov/earthquakes/eventpage/us10007rz3","detail":"http://earthquake.usgs.gov/earthquakes/feed/v1.0/detail/us10007rz3.geojson","felt":null,"cdi":null,"mmi":null,"alert":null,"status":"reviewed","tsunami":0,"sig":326,"net":"us","code":"10007rz3","ids":",us10007rz3,","sources":",us,","types":",geoserve,origin,phase-data,","nst":null,"dmin":2.896,"rms":0.91,"gap":57,"magType":"mb","type":"earthquake","title":"M 4.6 - Kepulauan Barat Daya, Indonesia"},"geometry":{"type":"Point","coordinates":[128.4149,-7.5091,158.98]},"id":"us10007rz3"},
{"type":"Feature","properties":{"mag":5.9,"place":"58km NW of Finschhafen, Papua New Guinea","time":1483865528730,"updated":1483923208901,"tz":600,"url":"http://earthquake.usgs.gov/earthquakes/eventpage/us10007ryv","detail":"http://earthquake.usgs.gov/earthquakes/feed/v1.0/detail/us10007ryv.geojson","felt":9,"cdi":4.6,"mmi":4.25,"alert":"green","status":"reviewed","tsunami":1,"sig":540,"net":"us","code":"10007ryv","ids":",us10007ryv,","sources":",us,","types":",dyfi,geoserve,losspager,origin,phase-data,shakemap,","nst":null,"dmin":3.161,"rms":1.2,"gap":23,"magType":"mww","type":"earthquake","title":"M 5.9 - 58km NW of Finschhafen, Papua New Guinea"},"geometry":{"type":"Point","coordinates":[147.4794,-6.2391,66.97]},"id":"us10007ryv"},
{"type":"Feature","properties":{"mag":4.5,"place":"208km SE of Sarangani, Philippines","time":1483861646310,"updated":1483863355040,"tz":480,"url":"http://earthquake.usgs.gov/earthquakes/eventpage/us10007ryr","detail":"http://earthquake.usgs.gov/earthquakes/feed/v1.0/detail/us10007ryr.geojson","felt":null,"cdi":null,"mmi":null,"alert":null,"status":"reviewed","tsunami":0,"sig":312,"net":"us","code":"10007ryr","ids":",us10007ryr,","sources":",us,","types":",geoserve,origin,phase-data,","nst":null,"dmin":6.887,"rms":0.5,"gap":136,"magType":"mb","type":"earthquake","title":"M 4.5 - 208km SE of Sarangani, Philippines"},"geometry":{"type":"Point","coordinates":[126.94,4.2308,35]},"id":"us10007ryr"},
{"type":"Feature","properties":{"mag":5.1,"place":"North of Ascension Island","time":1483849186550,"updated":1483850302040,"tz":-60,"url":"http://earthquake.usgs.gov/earthquakes/eventpage/us10007ryd","detail":"http://earthquake.usgs.gov/earthquakes/feed/v1.0/detail/us10007ryd.geojson","felt":null,"cdi":null,"mmi":null,"alert":null,"status":"reviewed","tsunami":0,"sig":400,"net":"us","code":"10007ryd","ids":",us10007ryd,","sources":",us,","types":",geoserve,origin,phase-data,","nst":null,"dmin":4.602,"rms":0.6,"gap":53,"magType":"mb","type":"earthquake","title":"M 5.1 - North of Ascension Island"},"geometry":{"type":"Point","coordinates":[-12.122,-3.8774,10]},"id":"us10007ryd"},
{"type":"Feature","properties":{"mag":5,"place":"56km WNW of San Antonio de los Cobres, Argentina","time":1483837482590,"updated":1483919976633,"tz":-180,"url":"http://earthquake.usgs.gov/earthquakes/eventpage/us10007rxx","detail":"http://earthquake.usgs.gov/earthquakes/feed/v1.0/detail/us10007rxx.geojson","felt":1,"cdi":2.2,"mmi":null,"alert":null,"status":"reviewed","tsunami":0,"sig":385,"net":"us","code":"10007rxx","ids":",us10007rxx,","sources":",us,","types":",dyfi,geoserve,origin,phase-data,","nst":null,"dmin":1.657,"rms":1.17,"gap":35,"magType":"mb","type":"earthquake","title":"M 5.0 - 56km WNW of San Antonio de los Cobres, Argentina"},"geometry":{"type":"Point","coordinates":[-66.851,-24.08,181.07]},"id":"us10007rxx"},
{"type":"Feature","properties":{"mag":4.8,"place":"88km WSW of Coquimbo, Chile","time":1483835627720,"updated":1483919597900,"tz":-300,"url":"http://earthquake.usgs.gov/earthquakes/eventpage/us10007rxs","detail":"http://earthquake.usgs.gov/earthquakes/feed/v1.0/detail/us10007rxs.geojson","felt":3,"cdi":3.6,"mmi":null,"alert":null,"status":"reviewed","tsunami":0,"sig":356,"net":"us","code":"10007rxs","ids":",us10007rxs,","sources":",us,","types":",dyfi,geoserve,moment-tensor,origin,phase-data,","nst":null,"dmin":0.895,"rms":1.33,"gap":87,"magType":"mwr","type":"earthquake","title":"M 4.8 - 88km WSW of Coquimbo, Chile"},"geometry":{"type":"Point","coordinates":[-72.2344,-30.1575,10.65]},"id":"us10007rxs"},
{"type":"Feature","properties":{"mag":4.9,"place":"43km SSE of Shahrtuz, Tajikistan","time":1483831187680,"updated":1483832222040,"tz":270,"url":"http://earthquake.usgs.gov/earthquakes/eventpage/us10007rxl","detail":"http://earthquake.usgs.gov/earthquakes/feed/v1.0/detail/us10007rxl.geojson","felt":null,"cdi":null,"mmi":null,"alert":null,"status":"reviewed","tsunami":0,"sig":369,"net":"us","code":"10007rxl","ids":",us10007rxl,","sources":",us,","types":",geoserve,origin,phase-data,","nst":null,"dmin":0.669,"rms":0.88,"gap":56,"magType":"mb","type":"earthquake","title":"M 4.9 - 43km SSE of Shahrtuz, Tajikistan"},"geometry":{"type":"Point","coordinates":[68.4067,36.9306,15.3]},"id":"us10007rxl"},
{"type":"Feature","properties":{"mag":4.8,"place":"92km SW of Contamana, Peru","time":1483805093790,"updated":1483919937680,"tz":-300,"url":"http://earthquake.usgs.gov/earthquakes/eventpage/us10007rvw","detail":"http://earthquake.usgs.gov/earthquakes/feed/v1.0/detail/us10007rvw.geojson","felt":1,"cdi":3.1,"mmi":null,"alert":null,"status":"reviewed","tsunami":0,"sig":355,"net":"us","code":"10007rvw","ids":",us10007rvw,","sources":",us,","types":",dyfi,geoserve,origin,phase-data,","nst":null,"dmin":2.902,"rms":1.06,"gap":113,"magType":"mb","type":"earthquake","title":"M 4.8 - 92km SW of Contamana, Peru"},"geometry":{"type":"Point","coordinates":[-75.6293,-7.9047,42.09]},"id":"us10007rvw"},
{"type":"Feature","properties":{"mag":4.7,"place":"35km SSW of Puerto San Jose, Guatemala","time":1483795646040,"updated":1483800790040,"tz":-360,"url":"http://earthquake.usgs.gov/earthquakes/eventpage/us10007rvi","detail":"http://earthquake.usgs.gov/earthquakes/feed/v1.0/detail/us10007rvi.geojson","felt":null,"cdi":null,"mmi":null,"alert":null,"status":"reviewed","tsunami":0,"sig":340,"net":"us","code":"10007rvi","ids":",us10007rvi,","sources":",us,","types":",geoserve,origin,phase-data,","nst":null,"dmin":1.68,"rms":1.14,"gap":187,"magType":"mb","type":"earthquake","title":"M 4.7 - 35km SSW of Puerto San Jose, Guatemala"},"geometry":{"type":"Point","coordinates":[-90.9587,13.6282,65.94]},"id":"us10007rvi"},
{"type":"Feature","properties":{"mag":4.7,"place":"99km W of Tobelo, Indonesia","time":1483791924080,"updated":1483795377040,"tz":480,"url":"http://earthquake.usgs.gov/earthquakes/eventpage/us10007rv4","detail":"http://earthquake.usgs.gov/earthquakes/feed/v1.0/detail/us10007rv4.geojson","felt":null,"cdi":null,"mmi":null,"alert":null,"status":"reviewed","tsunami":0,"sig":340,"net":"us","code":"10007rv4","ids":",us10007rv4,","sources":",us,","types":",geoserve,origin,phase-data,","nst":null,"dmin":1.059,"rms":0.71,"gap":99,"magType":"mb","type":"earthquake","title":"M 4.7 - 99km W of Tobelo, Indonesia"},"geometry":{"type":"Point","coordinates":[127.1222,1.81,71.16]},"id":"us10007rv4"},
{"type":"Feature","properties":{"mag":5.6,"place":"17km N of Tambulatana, Indonesia","time":1483780319670,"updated":1483805953000,"tz":480,"url":"http://earthquake.usgs.gov/earthquakes/eventpage/us10007rue","detail":"http://earthquake.usgs.gov/earthquakes/feed/v1.0/detail/us10007rue.geojson","felt":null,"cdi":null,"mmi":4.05,"alert":"green","status":"reviewed","tsunami":1,"sig":482,"net":"us","code":"10007rue","ids":",us10007rue,","sources":",us,","types":",geoserve,losspager,moment-tensor,origin,phase-data,shakemap,","nst":null,"dmin":2.135,"rms":1.41,"gap":47,"magType":"mb","type":"earthquake","title":"M 5.6 - 17km N of Tambulatana, Indonesia"},"geometry":{"type":"Point","coordinates":[120.2009,-9.3572,78.12]},"id":"us10007rue"},
{"type":"Feature","properties":{"mag":4.5,"place":"29km SSE of Sary-Tash, Kyrgyzstan","time":1483778174790,"updated":1483782098040,"tz":360,"url":"http://earthquake.usgs.gov/earthquakes/eventpage/us10007rua","detail":"http://earthquake.usgs.gov/earthquakes/feed/v1.0/detail/us10007rua.geojson","felt":null,"cdi":null,"mmi":null,"alert":null,"status":"reviewed","tsunami":0,"sig":312,"net":"us","code":"10007rua","ids":",us10007rua,","sources":",us,","types":",geoserve,origin,phase-data,","nst":null,"dmin":2.382,"rms":1.35,"gap":65,"magType":"mb","type":"earthquake","title":"M 4.5 - 29km SSE of Sary-Tash, Kyrgyzstan"},"geometry":{"type":"Point","coordinates":[73.3942,39.4894,35.84]},"id":"us10007rua"},
{"type":"Feature","properties":{"mag":4.5,"place":"20km ESE of Kaikoura, New Zealand","time":1483777403360,"updated":1483779664040,"tz":720,"url":"http://earthquake.usgs.gov/earthquakes/eventpage/us10007ru6","detail":"http://earthquake.usgs.gov/earthquakes/feed/v1.0/detail/us10007ru6.geojson","felt":null,"cdi":null,"mmi":null,"alert":null,"status":"reviewed","tsunami":0,"sig":312,"net":"us","code":"10007ru6","ids":",us10007ru6,","sources":",us,","types":",geoserve,origin,phase-data,","nst":null,"dmin":0.286,"rms":0.65,"gap":134,"magType":"mb","type":"earthquake","title":"M 4.5 - 20km ESE of Kaikoura, New Zealand"},"geometry":{"type":"Point","coordinates":[173.9236,-42.451,10.49]},"id":"us10007ru6"},
{"type":"Feature","properties":{"mag":4.7,"place":"17km SW of Cuajinicuilapa, Mexico","time":1483769801520,"updated":1483919748247,"tz":-360,"url":"http://earthquake.usgs.gov/earthquakes/eventpage/us10007rtw","detail":"http://earthquake.usgs.gov/earthquakes/feed/v1.0/detail/us10007rtw.geojson","felt":1,"cdi":1,"mmi":null,"alert":null,"status":"reviewed","tsunami":0,"sig":340,"net":"us","code":"10007rtw","ids":",us10007rtw,","sources":",us,","types":",dyfi,geoserve,origin,phase-data,","nst":null,"dmin":1.178,"rms":0.79,"gap":160,"magType":"mb","type":"earthquake","title":"M 4.7 - 17km SW of Cuajinicuilapa, Mexico"},"geometry":{"type":"Point","coordinates":[-98.5466,16.3774,46.02]},"id":"us10007rtw"},
{"type":"Feature","properties":{"mag":4.5,"place":"35km N of Chilecito, Argentina","time":1483764970460,"updated":1483765967040,"tz":-180,"url":"http://earthquake.usgs.gov/earthquakes/eventpage/us10007rtd","detail":"http://earthquake.usgs.gov/earthquakes/feed/v1.0/detail/us10007rtd.geojson","felt":null,"cdi":null,"mmi":null,"alert":null,"status":"reviewed","tsunami":0,"sig":312,"net":"us","code":"10007rtd","ids":",us10007rtd,","sources":",us,","types":",geoserve,origin,phase-data,","nst":null,"dmin":2.483,"rms":0.64,"gap":52,"magType":"mb","type":"earthquake","title":"M 4.5 - 35km N of Chilecito, Argentina"},"geometry":{"type":"Point","coordinates":[-67.4427,-28.8456,131.46]},"id":"us10007rtd"},
{"type":"Feature","properties":{"mag":4.7,"place":"115km S of Biha, Indonesia","time":1483760288390,"updated":1483761424040,"tz":420,"url":"http://earthquake.usgs.gov/earthquakes/eventpage/us10007rt4","detail":"http://earthquake.usgs.gov/earthquakes/feed/v1.0/detail/us10007rt4.geojson","felt":null,"cdi":null,"mmi":null,"alert":null,"status":"reviewed","tsunami":0,"sig":340,"net":"us","code":"10007rt4","ids":",us10007rt4,","sources":",us,","types":",geoserve,origin,phase-data,","nst":null,"dmin":2.193,"rms":0.59,"gap":99,"magType":"mb","type":"earthquake","title":"M 4.7 - 115km S of Biha, Indonesia"},"geometry":{"type":"Point","coordinates":[103.8889,-6.3601,42.49]},"id":"us10007rt4"},
{"type":"Feature","properties":{"mag":5.7,"place":"194km WSW of Port Hardy, Canada","time":1483758834910,"updated":1483919472761,"tz":-540,"url":"http://earthquake.usgs.gov/earthquakes/eventpage/us10007rsx","detail":"http://earthquake.usgs.gov/earthquakes/feed/v1.0/detail/us10007rsx.geojson","felt":4,"cdi":2.2,"mmi":3.46,"alert":"green","status":"reviewed","tsunami":1,"sig":501,"net":"us","code":"10007rsx","ids":",us10007rsx,at00oje3n9,","sources":",us,at,","types":",dyfi,geoserve,impact-link,losspager,moment-tensor,origin,phase-data,shakemap,","nst":null,"dmin":1.298,"rms":0.95,"gap":147,"magType":"mwp","type":"earthquake","title":"M 5.7 - 194km WSW of Port Hardy, Canada"},"geometry":{"type":"Point","coordinates":[-130.0733,50.2555,10]},"id":"us10007rsx"},
{"type":"Feature","properties":{"mag":4.8,"place":"87km SSE of Pondaguitan, Philippines","time":1483756712270,"updated":1483757826040,"tz":480,"url":"http://earthquake.usgs.gov/earthquakes/eventpage/us10007rsq","detail":"http://earthquake.usgs.gov/earthquakes/feed/v1.0/detail/us10007rsq.geojson","felt":null,"cdi":null,"mmi":null,"alert":null,"status":"reviewed","tsunami":0,"sig":354,"net":"us","code":"10007rsq","ids":",us10007rsq,","sources":",us,","types":",geoserve,origin,phase-data,","nst":null,"dmin":1.702,"rms":0.65,"gap":120,"magType":"mb","type":"earthquake","title":"M 4.8 - 87km SSE of Pondaguitan, Philippines"},"geometry":{"type":"Point","coordinates":[126.576,5.6761,70.77]},"id":"us10007rsq"},
{"type":"Feature","properties":{"mag":5.1,"place":"59km WSW of Caleta de Carquin, Peru","time":1483743334220,"updated":1483919716228,"tz":-300,"url":"http://earthquake.usgs.gov/earthquakes/eventpage/us10007rrw","detail":"http://earthquake.usgs.gov/earthquakes/feed/v1.0/detail/us10007rrw.geojson","felt":18,"cdi":4.6,"mmi":null,"alert":null,"status":"reviewed","tsunami":0,"sig":408,"net":"us","code":"10007rrw","ids":",us10007rrw,","sources":",us,","types":",dyfi,geoserve,origin,phase-data,","nst":null,"dmin":1.439,"rms":0.84,"gap":151,"magType":"mb","type":"earthquake","title":"M 5.1 - 59km WSW of Caleta de Carquin, Peru"},"geometry":{"type":"Point","coordinates":[-78.1315,-11.2935,43.51]},"id":"us10007rrw"},
{"type":"Feature","properties":{"mag":4.6,"place":"183km WSW of Port Hardy, Canada","time":1483721542620,"updated":1483919906052,"tz":-540,"url":"http://earthquake.usgs.gov/earthquakes/eventpage/us10007rqu","detail":"http://earthquake.usgs.gov/earthquakes/feed/v1.0/detail/us10007rqu.geojson","felt":1,"cdi":2,"mmi":null,"alert":null,"status":"reviewed","tsunami":1,"sig":326,"net":"us","code":"10007rqu","ids":",us10007rqu,at00ojdavd,","sources":",us,at,","types":",dyfi,geoserve,impact-link,origin,phase-data,","nst":null,"dmin":1.192,"rms":1.26,"gap":170,"magType":"mb","type":"earthquake","title":"M 4.6 - 183km WSW of Port Hardy, Canada"},"geometry":{"type":"Point","coordinates":[-129.9426,50.3477,10]},"id":"us10007rqu"},
{"type":"Feature","properties":{"mag":5,"place":"44km ENE of Opotiki, New Zealand","time":1483721171650,"updated":1483919445871,"tz":720,"url":"http://earthquake.usgs.gov/earthquakes/eventpage/us10007rqs","detail":"http://earthquake.usgs.gov/earthquakes/feed/v1.0/detail/us10007rqs.geojson","felt":4,"cdi":3.8,"mmi":null,"alert":null,"status":"reviewed","tsunami":0,"sig":386,"net":"us","code":"10007rqs","ids":",us10007rqs,","sources":",us,","types":",dyfi,geoserve,moment-tensor,origin,phase-data,","nst":null,"dmin":0.566,"rms":1.14,"gap":116,"magType":"mb","type":"earthquake","title":"M 5.0 - 44km ENE of Opotiki, New Zealand"},"geometry":{"type":"Point","coordinates":[177.7094,-37.8729,58.41]},"id":"us10007rqs"},
{"type":"Feature","properties":{"mag":5.1,"place":"186km WSW of Port Hardy, Canada","time":1483717740330,"updated":1483919552283,"tz":-540,"url":"http://earthquake.usgs.gov/earthquakes/eventpage/us10007rnp","detail":"http://earthquake.usgs.gov/earthquakes/feed/v1.0/detail/us10007rnp.geojson","felt":2,"cdi":2.2,"mmi":null,"alert":null,"status":"reviewed","tsunami":0,"sig":401,"net":"us","code":"10007rnp","ids":",us10007rnp,","sources":",us,","types":",dyfi,geoserve,moment-tensor,origin,phase-data,","nst":null,"dmin":1.221,"rms":1.15,"gap":173,"magType":"mb","type":"earthquake","title":"M 5.1 - 186km WSW of Port Hardy, Canada"},"geometry":{"type":"Point","coordinates":[-129.9601,50.2822,10]},"id":"us10007rnp"},
{"type":"Feature","properties":{"mag":4.7,"place":"137km WNW of Pangai, Tonga","time":1483707569890,"updated":1483709045040,"tz":-720,"url":"http://earthquake.usgs.gov/earthquakes/eventpage/us10007rn2","detail":"http://earthquake.usgs.gov/earthquakes/feed/v1.0/detail/us10007rn2.geojson","felt":null,"cdi":null,"mmi":null,"alert":null,"status":"reviewed","tsunami":0,"sig":340,"net":"us","code":"10007rn2","ids":",us10007rn2,","sources":",us,","types":",geoserve,origin,phase-data,","nst":null,"dmin":5.373,"rms":0.88,"gap":72,"magType":"mb","type":"earthquake","title":"M 4.7 - 137km WNW of Pangai, Tonga"},"geometry":{"type":"Point","coordinates":[-175.6031,-19.4282,190.22]},"id":"us10007rn2"},
{"type":"Feature","properties":{"mag":4.8,"place":"89km WSW of Sibolga, Indonesia","time":1483700612590,"updated":1483701895040,"tz":420,"url":"http://earthquake.usgs.gov/earthquakes/eventpage/us10007rmq","detail":"http://earthquake.usgs.gov/earthquakes/feed/v1.0/detail/us10007rmq.geojson","felt":null,"cdi":null,"mmi":null,"alert":null,"status":"reviewed","tsunami":0,"sig":354,"net":"us","code":"10007rmq","ids":",us10007rmq,","sources":",us,","types":",geoserve,origin,phase-data,","nst":null,"dmin":0.481,"rms":0.68,"gap":115,"magType":"mb","type":"earthquake","title":"M 4.8 - 89km WSW of Sibolga, Indonesia"},"geometry":{"type":"Point","coordinates":[98.0419,1.4252,54.6]},"id":"us10007rmq"},
{"type":"Feature","properties":{"mag":4.7,"place":"226km NNE of Tobelo, Indonesia","time":1483698824840,"updated":1483700235040,"tz":540,"url":"http://earthquake.usgs.gov/earthquakes/eventpage/us10007rmj","detail":"http://earthquake.usgs.gov/earthquakes/feed/v1.0/detail/us10007rmj.geojson","felt":null,"cdi":null,"mmi":null,"alert":null,"status":"reviewed","tsunami":0,"sig":340,"net":"us","code":"10007rmj","ids":",us10007rmj,","sources":",us,","types":",geoserve,origin,phase-data,","nst":null,"dmin":3.138,"rms":0.68,"gap":114,"magType":"mb","type":"earthquake","title":"M 4.7 - 226km NNE of Tobelo, Indonesia"},"geometry":{"type":"Point","coordinates":[128.5137,3.7137,35]},"id":"us10007rmj"},
{"type":"Feature","properties":{"mag":5.4,"place":"83km WSW of Sibolga, Indonesia","time":1483698300150,"updated":1483919878365,"tz":420,"url":"http://earthquake.usgs.gov/earthquakes/eventpage/us10007rmi","detail":"http://earthquake.usgs.gov/earthquakes/feed/v1.0/detail/us10007rmi.geojson","felt":1,"cdi":3.1,"mmi":null,"alert":null,"status":"reviewed","tsunami":1,"sig":449,"net":"us","code":"10007rmi","ids":",us10007rmi,","sources":",us,","types":",dyfi,geoserve,moment-tensor,origin,phase-data,","nst":null,"dmin":0.532,"rms":1.04,"gap":76,"magType":"mb","type":"earthquake","title":"M 5.4 - 83km WSW of Sibolga, Indonesia"},"geometry":{"type":"Point","coordinates":[98.0814,1.472,54.4]},"id":"us10007rmi"},
{"type":"Feature","properties":{"mag":4.7,"place":"129km NE of Naze, Japan","time":1483693470310,"updated":1483695882040,"tz":540,"url":"http://earthquake.usgs.gov/earthquakes/eventpage/us10007rmf","detail":"http://earthquake.usgs.gov/earthquakes/feed/v1.0/detail/us10007rmf.geojson","felt":null,"cdi":null,"mmi":null,"alert":null,"status":"reviewed","tsunami":0,"sig":340,"net":"us","code":"10007rmf","ids":",us10007rmf,","sources":",us,","types":",geoserve,origin,phase-data,","nst":null,"dmin":2.367,"rms":0.81,"gap":125,"magType":"mb","type":"earthquake","title":"M 4.7 - 129km NE of Naze, Japan"},"geometry":{"type":"Point","coordinates":[130.485,29.1339,10.21]},"id":"us10007rmf"},
{"type":"Feature","properties":{"mag":5.7,"place":"82km NE of San Pedro de Atacama, Chile","time":1483684233100,"updated":1483919703307,"tz":-240,"url":"http://earthquake.usgs.gov/earthquakes/eventpage/us10007rkj","detail":"http://earthquake.usgs.gov/earthquakes/feed/v1.0/detail/us10007rkj.geojson","felt":6,"cdi":3.1,"mmi":3.93,"alert":"green","status":"reviewed","tsunami":0,"sig":502,"net":"us","code":"10007rkj","ids":",us10007rkj,","sources":",us,","types":",dyfi,geoserve,losspager,moment-tensor,origin,phase-data,shakemap,","nst":null,"dmin":0.747,"rms":1.51,"gap":22,"magType":"mb","type":"earthquake","title":"M 5.7 - 82km NE of San Pedro de Atacama, Chile"},"geometry":{"type":"Point","coordinates":[-67.6794,-22.3608,142.17]},"id":"us10007rkj"},
{"type":"Feature","properties":{"mag":5,"place":"87km S of Sungaipenuh, Indonesia","time":1483683355620,"updated":1483684317040,"tz":420,"url":"http://earthquake.usgs.gov/earthquakes/eventpage/us10007rki","detail":"http://earthquake.usgs.gov/earthquakes/feed/v1.0/detail/us10007rki.geojson","felt":null,"cdi":null,"mmi":null,"alert":null,"status":"reviewed","tsunami":1,"sig":385,"net":"us","code":"10007rki","ids":",us10007rki,","sources":",us,","types":",geoserve,origin,phase-data,","nst":null,"dmin":2.099,"rms":0.62,"gap":110,"magType":"mb","type":"earthquake","title":"M 5.0 - 87km S of Sungaipenuh, Indonesia"},"geometry":{"type":"Point","coordinates":[101.4637,-2.871,91.9]},"id":"us10007rki"},
{"type":"Feature","properties":{"mag":5.3,"place":"53km SW of Jahrom, Iran","time":1483670009320,"updated":1483821113040,"tz":210,"url":"http://earthquake.usgs.gov/earthquakes/eventpage/us10007rjn","detail":"http://earthquake.usgs.gov/earthquakes/feed/v1.0/detail/us10007rjn.geojson","felt":null,"cdi":null,"mmi":6.71,"alert":"yellow","status":"reviewed","tsunami":0,"sig":650,"net":"us","code":"10007rjn","ids":",us10007rjn,","sources":",us,","types":",geoserve,losspager,moment-tensor,origin,phase-data,shakemap,","nst":null,"dmin":4.264,"rms":0.85,"gap":49,"magType":"mb","type":"earthquake","title":"M 5.3 - 53km SW of Jahrom, Iran"},"geometry":{"type":"Point","coordinates":[53.1159,28.2049,10]},"id":"us10007rjn"},
{"type":"Feature","properties":{"mag":4.6,"place":"134km S of Taron, Papua New Guinea","time":1483665124470,"updated":1483670205040,"tz":600,"url":"http://earthquake.usgs.gov/earthquakes/eventpage/us10007rj0","detail":"http://earthquake.usgs.gov/earthquakes/feed/v1.0/detail/us10007rj0.geojson","felt":null,"cdi":null,"mmi":null,"alert":null,"status":"reviewed","tsunami":0,"sig":326,"net":"us","code":"10007rj0","ids":",us10007rj0,","sources":",us,","types":",geoserve,origin,phase-data,","nst":null,"dmin":1.716,"rms":0.72,"gap":120,"magType":"mb","type":"earthquake","title":"M 4.6 - 134km S of Taron, Papua New Guinea"},"geometry":{"type":"Point","coordinates":[153.0314,-5.6836,10]},"id":"us10007rj0"},
{"type":"Feature","properties":{"mag":4.8,"place":"183km SW of Nadi, Fiji","time":1483658582920,"updated":1483660890040,"tz":720,"url":"http://earthquake.usgs.gov/earthquakes/eventpage/us10007ri8","detail":"http://earthquake.usgs.gov/earthquakes/feed/v1.0/detail/us10007ri8.geojson","felt":null,"cdi":null,"mmi":null,"alert":null,"status":"reviewed","tsunami":0,"sig":354,"net":"us","code":"10007ri8","ids":",us10007ri8,","sources":",us,","types":",geoserve,origin,phase-data,","nst":null,"dmin":2.127,"rms":1.24,"gap":122,"magType":"mb","type":"earthquake","title":"M 4.8 - 183km SW of Nadi, Fiji"},"geometry":{"type":"Point","coordinates":[176.2876,-19.0617,10]},"id":"us10007ri8"},
{"type":"Feature","properties":{"mag":4.6,"place":"73km SE of Ofunato, Japan","time":1483637951460,"updated":1483642642040,"tz":540,"url":"http://earthquake.usgs.gov/earthquakes/eventpage/us10007rgy","detail":"http://earthquake.usgs.gov/earthquakes/feed/v1.0/detail/us10007rgy.geojson","felt":null,"cdi":null,"mmi":null,"alert":null,"status":"reviewed","tsunami":0,"sig":326,"net":"us","code":"10007rgy","ids":",us10007rgy,","sources":",us,","types":",geoserve,origin,phase-data,","nst":null,"dmin":1.453,"rms":0.57,"gap":98,"magType":"mb","type":"earthquake","title":"M 4.6 - 73km SE of Ofunato, Japan"},"geometry":{"type":"Point","coordinates":[142.3564,38.6385,30.8]},"id":"us10007rgy"},
{"type":"Feature","properties":{"mag":4.9,"place":"234km SW of Nadi, Fiji","time":1483623900510,"updated":1483626587040,"tz":720,"url":"http://earthquake.usgs.gov/earthquakes/eventpage/us10007rbh","detail":"http://earthquake.usgs.gov/earthquakes/feed/v1.0/detail/us10007rbh.geojson","felt":null,"cdi":null,"mmi":null,"alert":null,"status":"reviewed","tsunami":0,"sig":369,"net":"us","code":"10007rbh","ids":",us10007rbh,","sources":",us,","types":",geoserve,origin,phase-data,","nst":null,"dmin":8.979,"rms":1.06,"gap":135,"magType":"mb","type":"earthquake","title":"M 4.9 - 234km SW of Nadi, Fiji"},"geometry":{"type":"Point","coordinates":[175.8541,-19.3,68.95]},"id":"us10007rbh"},
{"type":"Feature","properties":{"mag":5.2,"place":"40km SSE of Blenheim, New Zealand","time":1483615054820,"updated":1483919459157,"tz":720,"url":"http://earthquake.usgs.gov/earthquakes/eventpage/us10007rb1","detail":"http://earthquake.usgs.gov/earthquakes/feed/v1.0/detail/us10007rb1.geojson","felt":18,"cdi":4.6,"mmi":null,"alert":null,"status":"reviewed","tsunami":0,"sig":424,"net":"us","code":"10007rb1","ids":",us10007rb1,","sources":",us,","types":",dyfi,geoserve,moment-tensor,origin,phase-data,","nst":null,"dmin":0.152,"rms":1.11,"gap":109,"magType":"mb","type":"earthquake","title":"M 5.2 - 40km SSE of Blenheim, New Zealand"},"geometry":{"type":"Point","coordinates":[174.0804,-41.8639,19.01]},"id":"us10007rb1"},
{"type":"Feature","properties":{"mag":4.9,"place":"83km ESE of Haebaru, Japan","time":1483612963800,"updated":1483648762208,"tz":540,"url":"http://earthquake.usgs.gov/earthquakes/eventpage/us10007rax","detail":"http://earthquake.usgs.gov/earthquakes/feed/v1.0/detail/us10007rax.geojson","felt":2,"cdi":3.1,"mmi":null,"alert":null,"status":"reviewed","tsunami":0,"sig":370,"net":"us","code":"10007rax","ids":",us10007rax,","sources":",us,","types":",dyfi,geoserve,origin,phase-data,","nst":null,"dmin":0.874,"rms":1.33,"gap":78,"magType":"mb","type":"earthquake","title":"M 4.9 - 83km ESE of Haebaru, Japan"},"geometry":{"type":"Point","coordinates":[128.6329,26.0205,10]},"id":"us10007rax"},
{"type":"Feature","properties":{"mag":4.7,"place":"276km SSE of Tabiauan, Philippines","time":1483598675440,"updated":1483600874040,"tz":480,"url":"http://earthquake.usgs.gov/earthquakes/eventpage/us10007rad","detail":"http://earthquake.usgs.gov/earthquakes/feed/v1.0/detail/us10007rad.geojson","felt":null,"cdi":null,"mmi":null,"alert":null,"status":"reviewed","tsunami":0,"sig":340,"net":"us","code":"10007rad","ids":",us10007rad,","sources":",us,","types":",geoserve,origin,phase-data,","nst":null,"dmin":3.161,"rms":0.51,"gap":87,"magType":"mb","type":"earthquake","title":"M 4.7 - 276km SSE of Tabiauan, Philippines"},"geometry":{"type":"Point","coordinates":[122.6869,3.6529,564.92]},"id":"us10007rad"},
{"type":"Feature","properties":{"mag":5.2,"place":"Southern Mid-Atlantic Ridge","time":1483586633470,"updated":1483587415040,"tz":-60,"url":"http://earthquake.usgs.gov/earthquakes/eventpage/us10007r9m","detail":"http://earthquake.usgs.gov/earthquakes/feed/v1.0/detail/us10007r9m.geojson","felt":null,"cdi":null,"mmi":null,"alert":null,"status":"reviewed","tsunami":0,"sig":416,"net":"us","code":"10007r9m","ids":",us10007r9m,","sources":",us,","types":",geoserve,origin,phase-data,","nst":null,"dmin":27.911,"rms":0.92,"gap":107,"magType":"mb","type":"earthquake","title":"M 5.2 - Southern Mid-Atlantic Ridge"},"geometry":{"type":"Point","coordinates":[-12.6078,-22.4483,10]},"id":"us10007r9m"},
{"type":"Feature","properties":{"mag":5.1,"place":"60km W of Kirakira, Solomon Islands","time":1483563827920,"updated":1483564953040,"tz":660,"url":"http://earthquake.usgs.gov/earthquakes/eventpage/us10007r83","detail":"http://earthquake.usgs.gov/earthquakes/feed/v1.0/detail/us10007r83.geojson","felt":null,"cdi":null,"mmi":null,"alert":null,"status":"reviewed","tsunami":0,"sig":400,"net":"us","code":"10007r83","ids":",us10007r83,","sources":",us,","types":",geoserve,origin,phase-data,","nst":null,"dmin":1.728,"rms":0.74,"gap":95,"magType":"mb","type":"earthquake","title":"M 5.1 - 60km W of Kirakira, Solomon Islands"},"geometry":{"type":"Point","coordinates":[161.3671,-10.4606,55.31]},"id":"us10007r83"},
{"type":"Feature","properties":{"mag":5.3,"place":"176km SW of Nadi, Fiji","time":1483560233700,"updated":1483657112000,"tz":720,"url":"http://earthquake.usgs.gov/earthquakes/eventpage/us10007r5m","detail":"http://earthquake.usgs.gov/earthquakes/feed/v1.0/detail/us10007r5m.geojson","felt":null,"cdi":null,"mmi":null,"alert":null,"status":"reviewed","tsunami":0,"sig":432,"net":"us","code":"10007r5m","ids":",us10007r5m,","sources":",us,","types":",geoserve,moment-tensor,origin,phase-data,","nst":null,"dmin":8.038,"rms":0.99,"gap":105,"magType":"mb","type":"earthquake","title":"M 5.3 - 176km SW of Nadi, Fiji"},"geometry":{"type":"Point","coordinates":[176.0961,-18.7825,10]},"id":"us10007r5m"},
{"type":"Feature","properties":{"mag":5.6,"place":"41km ENE of Iwaki, Japan","time":1483552400040,"updated":1483654508000,"tz":540,"url":"http://earthquake.usgs.gov/earthquakes/eventpage/us10007py4","detail":"http://earthquake.usgs.gov/earthquakes/feed/v1.0/detail/us10007py4.geojson","felt":69,"cdi":4.3,"mmi":4.91,"alert":"green","status":"reviewed","tsunami":0,"sig":512,"net":"us","code":"10007py4","ids":",us10007py4,","sources":",us,","types":",dyfi,geoserve,losspager,moment-tensor,origin,phase-data,shakemap,","nst":null,"dmin":0.855,"rms":1.6,"gap":64,"magType":"mb","type":"earthquake","title":"M 5.6 - 41km ENE of Iwaki, Japan"},"geometry":{"type":"Point","coordinates":[141.3411,37.1333,10]},"id":"us10007py4"},
{"type":"Feature","properties":{"mag":4.9,"place":"42km SSW of La Libertad, El Salvador","time":1483548309810,"updated":1483634835894,"tz":-360,"url":"http://earthquake.usgs.gov/earthquakes/eventpage/us10007pxt","detail":"http://earthquake.usgs.gov/earthquakes/feed/v1.0/detail/us10007pxt.geojson","felt":18,"cdi":4,"mmi":null,"alert":null,"status":"reviewed","tsunami":0,"sig":377,"net":"us","code":"10007pxt","ids":",us10007pxt,","sources":",us,","types":",dyfi,geoserve,origin,phase-data,","nst":null,"dmin":0.596,"rms":1.04,"gap":114,"magType":"mb","type":"earthquake","title":"M 4.9 - 42km SSW of La Libertad, El Salvador"},"geometry":{"type":"Point","coordinates":[-89.4042,13.1116,73.43]},"id":"us10007pxt"},
{"type":"Feature","properties":{"mag":4.7,"place":"62km W of Kirakira, Solomon Islands","time":1483547043550,"updated":1483577012040,"tz":660,"url":"http://earthquake.usgs.gov/earthquakes/eventpage/us10007pxr","detail":"http://earthquake.usgs.gov/earthquakes/feed/v1.0/detail/us10007pxr.geojson","felt":null,"cdi":null,"mmi":null,"alert":null,"status":"reviewed","tsunami":0,"sig":340,"net":"us","code":"10007pxr","ids":",us10007pxr,","sources":",us,","types":",geoserve,origin,phase-data,","nst":null,"dmin":1.704,"rms":1.05,"gap":95,"magType":"mb","type":"earthquake","title":"M 4.7 - 62km W of Kirakira, Solomon Islands"},"geometry":{"type":"Point","coordinates":[161.3502,-10.4423,59.53]},"id":"us10007pxr"},
{"type":"Feature","properties":{"mag":5.3,"place":"15km S of Iwaki, Japan","time":1483544639740,"updated":1483732286000,"tz":540,"url":"http://earthquake.usgs.gov/earthquakes/eventpage/us10007pxb","detail":"http://earthquake.usgs.gov/earthquakes/feed/v1.0/detail/us10007pxb.geojson","felt":57,"cdi":5.3,"mmi":null,"alert":null,"status":"reviewed","tsunami":0,"sig":462,"net":"us","code":"10007pxb","ids":",us10007pxb,","sources":",us,","types":",dyfi,geoserve,moment-tensor,origin,phase-data,","nst":null,"dmin":0.956,"rms":0.81,"gap":33,"magType":"mb","type":"earthquake","title":"M 5.3 - 15km S of Iwaki, Japan"},"geometry":{"type":"Point","coordinates":[140.9107,36.9153,54.74]},"id":"us10007pxb"},
{"type":"Feature","properties":{"mag":4.7,"place":"41km SE of Kangding, China","time":1483542872740,"updated":1483572785040,"tz":480,"url":"http://earthquake.usgs.gov/earthquakes/eventpage/us10007px0","detail":"http://earthquake.usgs.gov/earthquakes/feed/v1.0/detail/us10007px0.geojson","felt":null,"cdi":null,"mmi":null,"alert":null,"status":"reviewed","tsunami":0,"sig":340,"net":"us","code":"10007px0","ids":",us10007px0,","sources":",us,","types":",geoserve,origin,phase-data,","nst":null,"dmin":6.266,"rms":0.79,"gap":84,"magType":"mb","type":"earthquake","title":"M 4.7 - 41km SE of Kangding, China"},"geometry":{"type":"Point","coordinates":[102.2869,29.8052,10]},"id":"us10007px0"},
{"type":"Feature","properties":{"mag":5.1,"place":"220km SW of Nadi, Fiji","time":1483540279120,"updated":1483542589040,"tz":720,"url":"http://earthquake.usgs.gov/earthquakes/eventpage/us10007ppa","detail":"http://earthquake.usgs.gov/earthquakes/feed/v1.0/detail/us10007ppa.geojson","felt":null,"cdi":null,"mmi":null,"alert":null,"status":"reviewed","tsunami":0,"sig":400,"net":"us","code":"10007ppa","ids":",us10007ppa,","sources":",us,","types":",geoserve,origin,phase-data,","nst":null,"dmin":9.076,"rms":0.76,"gap":125,"magType":"mb","type":"earthquake","title":"M 5.1 - 220km SW of Nadi, Fiji"},"geometry":{"type":"Point","coordinates":[175.9184,-19.19,10]},"id":"us10007ppa"},
{"type":"Feature","properties":{"mag":4.6,"place":"79km SSE of Mawlaik, Burma","time":1483540087430,"updated":1483541083040,"tz":390,"url":"http://earthquake.usgs.gov/earthquakes/eventpage/us10007pp8","detail":"http://earthquake.usgs.gov/earthquakes/feed/v1.0/detail/us10007pp8.geojson","felt":null,"cdi":null,"mmi":null,"alert":null,"status":"reviewed","tsunami":0,"sig":326,"net":"us","code":"10007pp8","ids":",us10007pp8,","sources":",us,","types":",geoserve,origin,phase-data,","nst":null,"dmin":1.318,"rms":0.76,"gap":89,"magType":"mb","type":"earthquake","title":"M 4.6 - 79km SSE of Mawlaik, Burma"},"geometry":{"type":"Point","coordinates":[94.6704,22.9502,121.9]},"id":"us10007pp8"},
{"type":"Feature","properties":{"mag":4.8,"place":"104km NNW of Zhadong, China","time":1483539172310,"updated":1483540275040,"tz":480,"url":"http://earthquake.usgs.gov/earthquakes/eventpage/us10007pp5","detail":"http://earthquake.usgs.gov/earthquakes/feed/v1.0/detail/us10007pp5.geojson","felt":null,"cdi":null,"mmi":null,"alert":null,"status":"reviewed","tsunami":0,"sig":354,"net":"us","code":"10007pp5","ids":",us10007pp5,","sources":",us,","types":",geoserve,origin,phase-data,","nst":null,"dmin":11.277,"rms":0.96,"gap":159,"magType":"mb","type":"earthquake","title":"M 4.8 - 104km NNW of Zhadong, China"},"geometry":{"type":"Point","coordinates":[83.7373,30.5113,10]},"id":"us10007pp5"},
{"type":"Feature","properties":{"mag":4.9,"place":"42km SSW of Coquimbo, Chile","time":1483536244760,"updated":1483541857105,"tz":-240,"url":"http://earthquake.usgs.gov/earthquakes/eventpage/us10007pnw","detail":"http://earthquake.usgs.gov/earthquakes/feed/v1.0/detail/us10007pnw.geojson","felt":5,"cdi":3.4,"mmi":null,"alert":null,"status":"reviewed","tsunami":0,"sig":371,"net":"us","code":"10007pnw","ids":",us10007pnw,","sources":",us,","types":",dyfi,geoserve,moment-tensor,origin,phase-data,","nst":null,"dmin":0.46,"rms":0.91,"gap":85,"magType":"mwr","type":"earthquake","title":"M 4.9 - 42km SSW of Coquimbo, Chile"},"geometry":{"type":"Point","coordinates":[-71.5795,-30.2729,47.48]},"id":"us10007pnw"},
{"type":"Feature","properties":{"mag":4.9,"place":"223km NW of Saumlaki, Indonesia","time":1483526269050,"updated":1483527118040,"tz":540,"url":"http://earthquake.usgs.gov/earthquakes/eventpage/us10007png","detail":"http://earthquake.usgs.gov/earthquakes/feed/v1.0/detail/us10007png.geojson","felt":null,"cdi":null,"mmi":null,"alert":null,"status":"reviewed","tsunami":0,"sig":369,"net":"us","code":"10007png","ids":",us10007png,","sources":",us,","types":",geoserve,origin,phase-data,","nst":null,"dmin":2.019,"rms":1,"gap":68,"magType":"mb","type":"earthquake","title":"M 4.9 - 223km NW of Saumlaki, Indonesia"},"geometry":{"type":"Point","coordinates":[130.0436,-6.3832,141.93]},"id":"us10007png"},
{"type":"Feature","properties":{"mag":5.3,"place":"233km SW of Nadi, Fiji","time":1483509524970,"updated":1483510944040,"tz":720,"url":"http://earthquake.usgs.gov/earthquakes/eventpage/us10007pm4","detail":"http://earthquake.usgs.gov/earthquakes/feed/v1.0/detail/us10007pm4.geojson","felt":null,"cdi":null,"mmi":null,"alert":null,"status":"reviewed","tsunami":0,"sig":432,"net":"us","code":"10007pm4","ids":",us10007pm4,","sources":",us,","types":",geoserve,origin,phase-data,","nst":null,"dmin":9.085,"rms":1.05,"gap":106,"magType":"mb","type":"earthquake","title":"M 5.3 - 233km SW of Nadi, Fiji"},"geometry":{"type":"Point","coordinates":[176.0316,-19.4405,10]},"id":"us10007pm4"},
{"type":"Feature","properties":{"mag":5.5,"place":"210km SW of Nadi, Fiji","time":1483508169570,"updated":1483515717105,"tz":720,"url":"http://earthquake.usgs.gov/earthquakes/eventpage/us10007plu","detail":"http://earthquake.usgs.gov/earthquakes/feed/v1.0/detail/us10007plu.geojson","felt":1,"cdi":1,"mmi":2.85,"alert":"green","status":"reviewed","tsunami":0,"sig":465,"net":"us","code":"10007plu","ids":",us10007plu,","sources":",us,","types":",dyfi,geoserve,losspager,origin,phase-data,shakemap,","nst":null,"dmin":2.384,"rms":1.28,"gap":61,"magType":"mb","type":"earthquake","title":"M 5.5 - 210km SW of Nadi, Fiji"},"geometry":{"type":"Point","coordinates":[176.0271,-19.162,10]},"id":"us10007plu"},
{"type":"Feature","properties":{"mag":5,"place":"163km SW of Nadi, Fiji","time":1483502480410,"updated":1483503132040,"tz":720,"url":"http://earthquake.usgs.gov/earthquakes/eventpage/us10007plf","detail":"http://earthquake.usgs.gov/earthquakes/feed/v1.0/detail/us10007plf.geojson","felt":null,"cdi":null,"mmi":null,"alert":null,"status":"reviewed","tsunami":0,"sig":385,"net":"us","code":"10007plf","ids":",us10007plf,","sources":",us,","types":",geoserve,origin,phase-data,","nst":null,"dmin":1.993,"rms":0.66,"gap":135,"magType":"mb","type":"earthquake","title":"M 5.0 - 163km SW of Nadi, Fiji"},"geometry":{"type":"Point","coordinates":[176.2607,-18.7867,10]},"id":"us10007plf"},
{"type":"Feature","properties":{"mag":5.2,"place":"202km SW of Nadi, Fiji","time":1483499451470,"updated":1483500112040,"tz":720,"url":"http://earthquake.usgs.gov/earthquakes/eventpage/us10007pla","detail":"http://earthquake.usgs.gov/earthquakes/feed/v1.0/detail/us10007pla.geojson","felt":null,"cdi":null,"mmi":null,"alert":null,"status":"reviewed","tsunami":0,"sig":416,"net":"us","code":"10007pla","ids":",us10007pla,","sources":",us,","types":",geoserve,origin,phase-data,","nst":null,"dmin":2.302,"rms":0.71,"gap":127,"magType":"mb","type":"earthquake","title":"M 5.2 - 202km SW of Nadi, Fiji"},"geometry":{"type":"Point","coordinates":[176.136,-19.1635,10]},"id":"us10007pla"},
{"type":"Feature","properties":{"mag":4.8,"place":"South of Java, Indonesia","time":1483497580960,"updated":1483499160040,"tz":480,"url":"http://earthquake.usgs.gov/earthquakes/eventpage/us10007pl1","detail":"http://earthquake.usgs.gov/earthquakes/feed/v1.0/detail/us10007pl1.geojson","felt":null,"cdi":null,"mmi":null,"alert":null,"status":"reviewed","tsunami":0,"sig":354,"net":"us","code":"10007pl1","ids":",us10007pl1,","sources":",us,","types":",geoserve,origin,phase-data,","nst":null,"dmin":3.192,"rms":1.16,"gap":136,"magType":"mb","type":"earthquake","title":"M 4.8 - South of Java, Indonesia"},"geometry":{"type":"Point","coordinates":[113.2858,-11.5662,10]},"id":"us10007pl1"},
{"type":"Feature","properties":{"mag":5,"place":"214km SW of Nadi, Fiji","time":1483497184340,"updated":1483498613040,"tz":720,"url":"http://earthquake.usgs.gov/earthquakes/eventpage/us10007pl0","detail":"http://earthquake.usgs.gov/earthquakes/feed/v1.0/detail/us10007pl0.geojson","felt":null,"cdi":null,"mmi":null,"alert":null,"status":"reviewed","tsunami":0,"sig":385,"net":"us","code":"10007pl0","ids":",us10007pl0,","sources":",us,","types":",geoserve,origin,phase-data,","nst":null,"dmin":2.368,"rms":1.38,"gap":120,"magType":"mb","type":"earthquake","title":"M 5.0 - 214km SW of Nadi, Fiji"},"geometry":{"type":"Point","coordinates":[176.223,-19.3649,10]},"id":"us10007pl0"},
{"type":"Feature","properties":{"mag":5.7,"place":"126km W of Port-Vila, Vanuatu","time":1483491970110,"updated":1483649696040,"tz":660,"url":"http://earthquake.usgs.gov/earthquakes/eventpage/us10007pkn","detail":"http://earthquake.usgs.gov/earthquakes/feed/v1.0/detail/us10007pkn.geojson","felt":2,"cdi":3.1,"mmi":3.3,"alert":"green","status":"reviewed","tsunami":0,"sig":500,"net":"us","code":"10007pkn","ids":",us10007pkn,","sources":",us,","types":",dyfi,geoserve,losspager,moment-tensor,origin,phase-data,shakemap,","nst":null,"dmin":2.895,"rms":0.93,"gap":68,"magType":"mb","type":"earthquake","title":"M 5.7 - 126km W of Port-Vila, Vanuatu"},"geometry":{"type":"Point","coordinates":[167.1341,-17.8683,15.33]},"id":"us10007pkn"},
{"type":"Feature","properties":{"mag":4.6,"place":"41km WNW of Kuqa, China","time":1483491841340,"updated":1483494229040,"tz":480,"url":"http://earthquake.usgs.gov/earthquakes/eventpage/us10007pkm","detail":"http://earthquake.usgs.gov/earthquakes/feed/v1.0/detail/us10007pkm.geojson","felt":null,"cdi":null,"mmi":null,"alert":null,"status":"reviewed","tsunami":0,"sig":326,"net":"us","code":"10007pkm","ids":",us10007pkm,","sources":",us,","types":",geoserve,origin,phase-data,","nst":null,"dmin":4.867,"rms":1.06,"gap":63,"magType":"mb","type":"earthquake","title":"M 4.6 - 41km WNW of Kuqa, China"},"geometry":{"type":"Point","coordinates":[82.5093,41.9278,24.3]},"id":"us10007pkm"},
{"type":"Feature","properties":{"mag":4.8,"place":"227km SW of Nadi, Fiji","time":1483489608900,"updated":1483588888040,"tz":720,"url":"http://earthquake.usgs.gov/earthquakes/eventpage/us10007pmb","detail":"http://earthquake.usgs.gov/earthquakes/feed/v1.0/detail/us10007pmb.geojson","felt":null,"cdi":null,"mmi":null,"alert":null,"status":"reviewed","tsunami":0,"sig":354,"net":"us","code":"10007pmb","ids":",us10007pmb,","sources":",us,","types":",geoserve,origin,phase-data,","nst":null,"dmin":2.495,"rms":0.81,"gap":126,"magType":"mb","type":"earthquake","title":"M 4.8 - 227km SW of Nadi, Fiji"},"geometry":{"type":"Point","coordinates":[176.1021,-19.4277,10]},"id":"us10007pmb"},
{"type":"Feature","properties":{"mag":5.4,"place":"167km SW of Nadi, Fiji","time":1483488582160,"updated":1483489702040,"tz":720,"url":"http://earthquake.usgs.gov/earthquakes/eventpage/us10007pkf","detail":"http://earthquake.usgs.gov/earthquakes/feed/v1.0/detail/us10007pkf.geojson","felt":null,"cdi":null,"mmi":null,"alert":null,"status":"reviewed","tsunami":0,"sig":449,"net":"us","code":"10007pkf","ids":",us10007pkf,","sources":",us,","types":",geoserve,origin,phase-data,","nst":null,"dmin":1.989,"rms":1.08,"gap":117,"magType":"mb","type":"earthquake","title":"M 5.4 - 167km SW of Nadi, Fiji"},"geometry":{"type":"Point","coordinates":[176.3683,-18.9329,10]},"id":"us10007pkf"},
{"type":"Feature","properties":{"mag":5,"place":"178km SW of Nadi, Fiji","time":1483487765480,"updated":1483490305040,"tz":720,"url":"http://earthquake.usgs.gov/earthquakes/eventpage/us10007pke","detail":"http://earthquake.usgs.gov/earthquakes/feed/v1.0/detail/us10007pke.geojson","felt":null,"cdi":null,"mmi":null,"alert":null,"status":"reviewed","tsunami":0,"sig":385,"net":"us","code":"10007pke","ids":",us10007pke,","sources":",us,","types":",geoserve,origin,phase-data,","nst":null,"dmin":2.107,"rms":0.9,"gap":114,"magType":"mb","type":"earthquake","title":"M 5.0 - 178km SW of Nadi, Fiji"},"geometry":{"type":"Point","coordinates":[176.2175,-18.9348,10]},"id":"us10007pke"},
{"type":"Feature","properties":{"mag":5,"place":"185km SW of Nadi, Fiji","time":1483487172340,"updated":1483488365040,"tz":720,"url":"http://earthquake.usgs.gov/earthquakes/eventpage/us10007pkb","detail":"http://earthquake.usgs.gov/earthquakes/feed/v1.0/detail/us10007pkb.geojson","felt":null,"cdi":null,"mmi":null,"alert":null,"status":"reviewed","tsunami":0,"sig":385,"net":"us","code":"10007pkb","ids":",us10007pkb,","sources":",us,","types":",geoserve,origin,phase-data,","nst":null,"dmin":2.119,"rms":0.78,"gap":124,"magType":"mb","type":"earthquake","title":"M 5.0 - 185km SW of Nadi, Fiji"},"geometry":{"type":"Point","coordinates":[176.3595,-19.134,10]},"id":"us10007pkb"},
{"type":"Feature","properties":{"mag":5.6,"place":"174km SW of Nadi, Fiji","time":1483486451610,"updated":1483494007335,"tz":720,"url":"http://earthquake.usgs.gov/earthquakes/eventpage/us10007pka","detail":"http://earthquake.usgs.gov/earthquakes/feed/v1.0/detail/us10007pka.geojson","felt":null,"cdi":null,"mmi":3.34,"alert":"green","status":"reviewed","tsunami":0,"sig":482,"net":"us","code":"10007pka","ids":",us10007pka,","sources":",us,","types":",geoserve,losspager,origin,phase-data,shakemap,","nst":null,"dmin":2.068,"rms":1.03,"gap":118,"magType":"mb","type":"earthquake","title":"M 5.6 - 174km SW of Nadi, Fiji"},"geometry":{"type":"Point","coordinates":[176.2604,-18.9264,10]},"id":"us10007pka"},
{"type":"Feature","properties":{"mag":5.1,"place":"209km SW of Nadi, Fiji","time":1483484631200,"updated":1483487096040,"tz":720,"url":"http://earthquake.usgs.gov/earthquakes/eventpage/us10007pk5","detail":"http://earthquake.usgs.gov/earthquakes/feed/v1.0/detail/us10007pk5.geojson","felt":null,"cdi":null,"mmi":null,"alert":null,"status":"reviewed","tsunami":0,"sig":400,"net":"us","code":"10007pk5","ids":",us10007pk5,","sources":",us,","types":",geoserve,origin,phase-data,","nst":null,"dmin":2.352,"rms":1.03,"gap":123,"magType":"mb","type":"earthquake","title":"M 5.1 - 209km SW of Nadi, Fiji"},"geometry":{"type":"Point","coordinates":[176.1347,-19.243,10]},"id":"us10007pk5"},
{"type":"Feature","properties":{"mag":5.8,"place":"196km SW of Nadi, Fiji","time":1483483212060,"updated":1483549491040,"tz":720,"url":"http://earthquake.usgs.gov/earthquakes/eventpage/us10007pjt","detail":"http://earthquake.usgs.gov/earthquakes/feed/v1.0/detail/us10007pjt.geojson","felt":null,"cdi":null,"mmi":3.44,"alert":"green","status":"reviewed","tsunami":0,"sig":518,"net":"us","code":"10007pjt","ids":",us10007pjt,","sources":",us,","types":",geoserve,losspager,moment-tensor,origin,phase-data,shakemap,","nst":null,"dmin":2.24,"rms":1.08,"gap":42,"magType":"mb","type":"earthquake","title":"M 5.8 - 196km SW of Nadi, Fiji"},"geometry":{"type":"Point","coordinates":[176.2009,-19.1416,10]},"id":"us10007pjt"},
{"type":"Feature","properties":{"mag":4.9,"place":"169km SW of Nadi, Fiji","time":1483482826310,"updated":1483485428040,"tz":720,"url":"http://earthquake.usgs.gov/earthquakes/eventpage/us10007pjy","detail":"http://earthquake.usgs.gov/earthquakes/feed/v1.0/detail/us10007pjy.geojson","felt":null,"cdi":null,"mmi":null,"alert":null,"status":"reviewed","tsunami":0,"sig":369,"net":"us","code":"10007pjy","ids":",us10007pjy,","sources":",us,","types":",geoserve,origin,phase-data,","nst":null,"dmin":2,"rms":1.24,"gap":127,"magType":"mb","type":"earthquake","title":"M 4.9 - 169km SW of Nadi, Fiji"},"geometry":{"type":"Point","coordinates":[176.3898,-18.9796,10]},"id":"us10007pjy"},
{"type":"Feature","properties":{"mag":5.7,"place":"245km SW of Nadi, Fiji","time":1483480538380,"updated":1483488442996,"tz":720,"url":"http://earthquake.usgs.gov/earthquakes/eventpage/us10007pji","detail":"http://earthquake.usgs.gov/earthquakes/feed/v1.0/detail/us10007pji.geojson","felt":1,"cdi":2,"mmi":3.1,"alert":"green","status":"reviewed","tsunami":0,"sig":500,"net":"us","code":"10007pji","ids":",us10007pji,","sources":",us,","types":",dyfi,geoserve,losspager,origin,phase-data,shakemap,","nst":null,"dmin":7.601,"rms":1.39,"gap":80,"magType":"mb","type":"earthquake","title":"M 5.7 - 245km SW of Nadi, Fiji"},"geometry":{"type":"Point","coordinates":[175.8427,-19.4367,10]},"id":"us10007pji"},
{"type":"Feature","properties":{"mag":6.9,"place":"221km SW of Nadi, Fiji","time":1483480351410,"updated":1483919817260,"tz":720,"url":"http://earthquake.usgs.gov/earthquakes/eventpage/us10007pj6","detail":"http://earthquake.usgs.gov/earthquakes/feed/v1.0/detail/us10007pj6.geojson","felt":13,"cdi":6.3,"mmi":4.1,"alert":"green","status":"reviewed","tsunami":1,"sig":741,"net":"us","code":"10007pj6","ids":",at00oj84rf,us10007pj6,pt17003051,","sources":",at,us,pt,","types":",dyfi,geoserve,impact-link,losspager,moment-tensor,origin,phase-data,shakemap,","nst":null,"dmin":2.464,"rms":0.75,"gap":18,"magType":"mww","type":"earthquake","title":"M 6.9 - 221km SW of Nadi, Fiji"},"geometry":{"type":"Point","coordinates":[176.0525,-19.3258,17.1]},"id":"us10007pj6"},
{"type":"Feature","properties":{"mag":5.5,"place":"70km WSW of Puerto Quellon, Chile","time":1483478347760,"updated":1483742540000,"tz":-240,"url":"http://earthquake.usgs.gov/earthquakes/eventpage/us10007piy","detail":"http://earthquake.usgs.gov/earthquakes/feed/v1.0/detail/us10007piy.geojson","felt":4,"cdi":4.1,"mmi":6.15,"alert":"green","status":"reviewed","tsunami":0,"sig":467,"net":"us","code":"10007piy","ids":",us10007piy,","sources":",us,","types":",dyfi,geoserve,losspager,moment-tensor,origin,phase-data,shakemap,","nst":null,"dmin":0.599,"rms":0.9,"gap":96,"magType":"mwr","type":"earthquake","title":"M 5.5 - 70km WSW of Puerto Quellon, Chile"},"geometry":{"type":"Point","coordinates":[-74.4203,-43.3468,11.47]},"id":"us10007piy"},
{"type":"Feature","properties":{"mag":4.9,"place":"South of the Fiji Islands","time":1483471678780,"updated":1483634682040,"tz":720,"url":"http://earthquake.usgs.gov/earthquakes/eventpage/us10007pif","detail":"http://earthquake.usgs.gov/earthquakes/feed/v1.0/detail/us10007pif.geojson","felt":null,"cdi":null,"mmi":null,"alert":null,"status":"reviewed","tsunami":0,"sig":369,"net":"us","code":"10007pif","ids":",us10007pif,","sources":",us,","types":",geoserve,origin,phase-data,","nst":null,"dmin":5.615,"rms":0.93,"gap":59,"magType":"mb","type":"earthquake","title":"M 4.9 - South of the Fiji Islands"},"geometry":{"type":"Point","coordinates":[179.2651,-23.2717,547.14]},"id":"us10007pif"},
{"type":"Feature","properties":{"mag":5.1,"place":"35km SSE of Mawlaik, Burma","time":1483469393630,"updated":1483633712790,"tz":390,"url":"http://earthquake.usgs.gov/earthquakes/eventpage/us10007phv","detail":"http://earthquake.usgs.gov/earthquakes/feed/v1.0/detail/us10007phv.geojson","felt":31,"cdi":4.6,"mmi":null,"alert":null,"status":"reviewed","tsunami":0,"sig":414,"net":"us","code":"10007phv","ids":",us10007phv,","sources":",us,","types":",dyfi,geoserve,impact-text,origin,phase-data,","nst":null,"dmin":0.925,"rms":0.99,"gap":46,"magType":"mb","type":"earthquake","title":"M 5.1 - 35km SSE of Mawlaik, Burma"},"geometry":{"type":"Point","coordinates":[94.5079,23.3202,89.66]},"id":"us10007phv"},
{"type":"Feature","properties":{"mag":4.6,"place":"108km SW of Sigave, Wallis and Futuna","time":1483463233760,"updated":1483629124040,"tz":-720,"url":"http://earthquake.usgs.gov/earthquakes/eventpage/us10007ph7","detail":"http://earthquake.usgs.gov/earthquakes/feed/v1.0/detail/us10007ph7.geojson","felt":null,"cdi":null,"mmi":null,"alert":null,"status":"reviewed","tsunami":0,"sig":326,"net":"us","code":"10007ph7","ids":",us10007ph7,","sources":",us,","types":",geoserve,origin,phase-data,","nst":null,"dmin":4.026,"rms":1.03,"gap":45,"magType":"mb","type":"earthquake","title":"M 4.6 - 108km SW of Sigave, Wallis and Futuna"},"geometry":{"type":"Point","coordinates":[-178.796,-15.071,407.39]},"id":"us10007ph7"},
{"type":"Feature","properties":{"mag":4.5,"place":"294km ENE of Dili, East Timor","time":1483458548900,"updated":1483548354040,"tz":540,"url":"http://earthquake.usgs.gov/earthquakes/eventpage/us10007ph0","detail":"http://earthquake.usgs.gov/earthquakes/feed/v1.0/detail/us10007ph0.geojson","felt":null,"cdi":null,"mmi":null,"alert":null,"status":"reviewed","tsunami":0,"sig":312,"net":"us","code":"10007ph0","ids":",us10007ph0,","sources":",us,","types":",geoserve,origin,phase-data,","nst":null,"dmin":3.271,"rms":0.72,"gap":56,"magType":"mb","type":"earthquake","title":"M 4.5 - 294km ENE of Dili, East Timor"},"geometry":{"type":"Point","coordinates":[128.0316,-7.5108,145.09]},"id":"us10007ph0"},
{"type":"Feature","properties":{"mag":4.6,"place":"84km NE of Ndoi Island, Fiji","time":1483458103410,"updated":1483547763040,"tz":-720,"url":"http://earthquake.usgs.gov/earthquakes/eventpage/us10007pgz","detail":"http://earthquake.usgs.gov/earthquakes/feed/v1.0/detail/us10007pgz.geojson","felt":null,"cdi":null,"mmi":null,"alert":null,"status":"reviewed","tsunami":0,"sig":326,"net":"us","code":"10007pgz","ids":",us10007pgz,","sources":",us,","types":",geoserve,origin,phase-data,","nst":null,"dmin":4.279,"rms":0.8,"gap":73,"magType":"mb","type":"earthquake","title":"M 4.6 - 84km NE of Ndoi Island, Fiji"},"geometry":{"type":"Point","coordinates":[-178.1544,-20.0855,574.53]},"id":"us10007pgz"},
{"type":"Feature","properties":{"mag":4.5,"place":"98km N of Merredin, Australia","time":1483457419000,"updated":1483919848563,"tz":480,"url":"http://earthquake.usgs.gov/earthquakes/eventpage/us10007pgt","detail":"http://earthquake.usgs.gov/earthquakes/feed/v1.0/detail/us10007pgt.geojson","felt":3,"cdi":3.4,"mmi":null,"alert":null,"status":"reviewed","tsunami":0,"sig":313,"net":"us","code":"10007pgt","ids":",us10007pgt,","sources":",us,","types":",dyfi,geoserve,origin,phase-data,","nst":null,"dmin":null,"rms":0.62,"gap":null,"magType":"mb","type":"earthquake","title":"M 4.5 - 98km N of Merredin, Australia"},"geometry":{"type":"Point","coordinates":[118.455,-30.609,10]},"id":"us10007pgt"},
{"type":"Feature","properties":{"mag":4.5,"place":"69km E of Karakenja, Tajikistan","time":1483453185790,"updated":1483543071040,"tz":300,"url":"http://earthquake.usgs.gov/earthquakes/eventpage/us10007pgl","detail":"http://earthquake.usgs.gov/earthquakes/feed/v1.0/detail/us10007pgl.geojson","felt":null,"cdi":null,"mmi":null,"alert":null,"status":"reviewed","tsunami":0,"sig":312,"net":"us","code":"10007pgl","ids":",us10007pgl,","sources":",us,","types":",geoserve,origin,phase-data,","nst":null,"dmin":1.59,"rms":0.82,"gap":46,"magType":"mb","type":"earthquake","title":"M 4.5 - 69km E of Karakenja, Tajikistan"},"geometry":{"type":"Point","coordinates":[72.3344,39.2583,50.56]},"id":"us10007pgl"},
{"type":"Feature","properties":{"mag":4.6,"place":"59km S of Sinarharapan, Indonesia","time":1483452265660,"updated":1483481264040,"tz":420,"url":"http://earthquake.usgs.gov/earthquakes/eventpage/us10007pgj","detail":"http://earthquake.usgs.gov/earthquakes/feed/v1.0/detail/us10007pgj.geojson","felt":null,"cdi":null,"mmi":null,"alert":null,"status":"reviewed","tsunami":0,"sig":326,"net":"us","code":"10007pgj","ids":",us10007pgj,","sources":",us,","types":",geoserve,origin,phase-data,","nst":null,"dmin":3.573,"rms":0.81,"gap":132,"magType":"mb","type":"earthquake","title":"M 4.6 - 59km S of Sinarharapan, Indonesia"},"geometry":{"type":"Point","coordinates":[106.9155,-7.9595,63.62]},"id":"us10007pgj"},
{"type":"Feature","properties":{"mag":5.1,"place":"47km NW of Iquique, Chile","time":1483450911660,"updated":1483741858000,"tz":-300,"url":"http://earthquake.usgs.gov/earthquakes/eventpage/us10007pgc","detail":"http://earthquake.usgs.gov/earthquakes/feed/v1.0/detail/us10007pgc.geojson","felt":12,"cdi":4.4,"mmi":null,"alert":null,"status":"reviewed","tsunami":0,"sig":405,"net":"us","code":"10007pgc","ids":",us10007pgc,","sources":",us,","types":",dyfi,geoserve,moment-tensor,origin,phase-data,","nst":null,"dmin":0.422,"rms":0.92,"gap":97,"magType":"mwr","type":"earthquake","title":"M 5.1 - 47km NW of Iquique, Chile"},"geometry":{"type":"Point","coordinates":[-70.4438,-19.8942,35.1]},"id":"us10007pgc"},
{"type":"Feature","properties":{"mag":4.5,"place":"99km SE of Ofunato, Japan","time":1483445623020,"updated":1483460022931,"tz":600,"url":"http://earthquake.usgs.gov/earthquakes/eventpage/us10007pg5","detail":"http://earthquake.usgs.gov/earthquakes/feed/v1.0/detail/us10007pg5.geojson","felt":1,"cdi":2.9,"mmi":null,"alert":null,"status":"reviewed","tsunami":0,"sig":312,"net":"us","code":"10007pg5","ids":",us10007pg5,","sources":",us,","types":",dyfi,geoserve,origin,phase-data,","nst":null,"dmin":1.635,"rms":1.47,"gap":154,"magType":"mb","type":"earthquake","title":"M 4.5 - 99km SE of Ofunato, Japan"},"geometry":{"type":"Point","coordinates":[142.6677,38.5684,35]},"id":"us10007pg5"},
{"type":"Feature","properties":{"mag":5,"place":"60km NNW of Popondetta, Papua New Guinea","time":1483440576920,"updated":1483441374040,"tz":600,"url":"http://earthquake.usgs.gov/earthquakes/eventpage/us10007pfs","detail":"http://earthquake.usgs.gov/earthquakes/feed/v1.0/detail/us10007pfs.geojson","felt":null,"cdi":null,"mmi":null,"alert":null,"status":"reviewed","tsunami":1,"sig":385,"net":"us","code":"10007pfs","ids":",us10007pfs,","sources":",us,","types":",geoserve,origin,phase-data,","nst":null,"dmin":1.429,"rms":0.98,"gap":89,"magType":"mb","type":"earthquake","title":"M 5.0 - 60km NNW of Popondetta, Papua New Guinea"},"geometry":{"type":"Point","coordinates":[148.0309,-8.2569,57.37]},"id":"us10007pfs"},
{"type":"Feature","properties":{"mag":5.5,"place":"19km NE of Ambasa, India","time":1483434542640,"updated":1483741679040,"tz":330,"url":"http://earthquake.usgs.gov/earthquakes/eventpage/us10007pfk","detail":"http://earthquake.usgs.gov/earthquakes/feed/v1.0/detail/us10007pfk.geojson","felt":245,"cdi":6.2,"mmi":4.34,"alert":"green","status":"reviewed","tsunami":0,"sig":617,"net":"us","code":"10007pfk","ids":",us10007pfk,","sources":",us,","types":",dyfi,geoserve,losspager,moment-tensor,origin,phase-data,shakemap,","nst":null,"dmin":1.55,"rms":0.79,"gap":38,"magType":"mb","type":"earthquake","title":"M 5.5 - 19km NE of Ambasa, India"},"geometry":{"type":"Point","coordinates":[92.0062,24.0161,36.15]},"id":"us10007pfk"},
{"type":"Feature","properties":{"mag":4.5,"place":"65km E of Mutsu, Japan","time":1483392260790,"updated":1483423423400,"tz":540,"url":"http://earthquake.usgs.gov/earthquakes/eventpage/us10007pbu","detail":"http://earthquake.usgs.gov/earthquakes/feed/v1.0/detail/us10007pbu.geojson","felt":4,"cdi":3.1,"mmi":null,"alert":null,"status":"reviewed","tsunami":0,"sig":313,"net":"us","code":"10007pbu","ids":",us10007pbu,","sources":",us,","types":",dyfi,geoserve,moment-tensor,origin,phase-data,","nst":null,"dmin":0.82,"rms":0.99,"gap":127,"magType":"mwr","type":"earthquake","title":"M 4.5 - 65km E of Mutsu, Japan"},"geometry":{"type":"Point","coordinates":[141.9898,41.2177,53.97]},"id":"us10007pbu"},
{"type":"Feature","properties":{"mag":5.2,"place":"117km SSE of Sindangsari, Indonesia","time":1483390947350,"updated":1483399049672,"tz":420,"url":"http://earthquake.usgs.gov/earthquakes/eventpage/us10007pbq","detail":"http://earthquake.usgs.gov/earthquakes/feed/v1.0/detail/us10007pbq.geojson","felt":1,"cdi":2.2,"mmi":null,"alert":null,"status":"reviewed","tsunami":1,"sig":416,"net":"us","code":"10007pbq","ids":",us10007pbq,","sources":",us,","types":",dyfi,geoserve,origin,phase-data,","nst":null,"dmin":1.972,"rms":0.82,"gap":135,"magType":"mb","type":"earthquake","title":"M 5.2 - 117km SSE of Sindangsari, Indonesia"},"geometry":{"type":"Point","coordinates":[108.7549,-8.83,68.61]},"id":"us10007pbq"},
{"type":"Feature","properties":{"mag":4.8,"place":"Reykjanes Ridge","time":1483375326780,"updated":1483387972040,"tz":-120,"url":"http://earthquake.usgs.gov/earthquakes/eventpage/us10007pa7","detail":"http://earthquake.usgs.gov/earthquakes/feed/v1.0/detail/us10007pa7.geojson","felt":null,"cdi":null,"mmi":null,"alert":null,"status":"reviewed","tsunami":0,"sig":354,"net":"us","code":"10007pa7","ids":",us10007pa7,","sources":",us,","types":",geoserve,origin,phase-data,","nst":null,"dmin":9.581,"rms":0.67,"gap":59,"magType":"mb","type":"earthquake","title":"M 4.8 - Reykjanes Ridge"},"geometry":{"type":"Point","coordinates":[-35.2645,53.3211,10.96]},"id":"us10007pa7"},
{"type":"Feature","properties":{"mag":4.6,"place":"90km ESE of Kamaishi, Japan","time":1483373459030,"updated":1483385829040,"tz":600,"url":"http://earthquake.usgs.gov/earthquakes/eventpage/us10007p9y","detail":"http://earthquake.usgs.gov/earthquakes/feed/v1.0/detail/us10007p9y.geojson","felt":null,"cdi":null,"mmi":null,"alert":null,"status":"reviewed","tsunami":0,"sig":326,"net":"us","code":"10007p9y","ids":",us10007p9y,","sources":",us,","types":",geoserve,origin,phase-data,","nst":null,"dmin":1.895,"rms":1.14,"gap":112,"magType":"mb","type":"earthquake","title":"M 4.6 - 90km ESE of Kamaishi, Japan"},"geometry":{"type":"Point","coordinates":[142.8158,38.8986,36.73]},"id":"us10007p9y"},
{"type":"Feature","properties":{"mag":4.7,"place":"Reykjanes Ridge","time":1483373054500,"updated":1483381645040,"tz":-120,"url":"http://earthquake.usgs.gov/earthquakes/eventpage/us10007p9w","detail":"http://earthquake.usgs.gov/earthquakes/feed/v1.0/detail/us10007p9w.geojson","felt":null,"cdi":null,"mmi":null,"alert":null,"status":"reviewed","tsunami":0,"sig":340,"net":"us","code":"10007p9w","ids":",us10007p9w,","sources":",us,","types":",geoserve,origin,phase-data,","nst":null,"dmin":9.499,"rms":0.68,"gap":82,"magType":"mb","type":"earthquake","title":"M 4.7 - Reykjanes Ridge"},"geometry":{"type":"Point","coordinates":[-35.3326,53.3921,11.12]},"id":"us10007p9w"},
{"type":"Feature","properties":{"mag":4.6,"place":"13km E of Lakatoro, Vanuatu","time":1483366779570,"updated":1483370647040,"tz":660,"url":"http://earthquake.usgs.gov/earthquakes/eventpage/us10007p95","detail":"http://earthquake.usgs.gov/earthquakes/feed/v1.0/detail/us10007p95.geojson","felt":null,"cdi":null,"mmi":null,"alert":null,"status":"reviewed","tsunami":0,"sig":326,"net":"us","code":"10007p95","ids":",us10007p95,","sources":",us,","types":",geoserve,origin,phase-data,","nst":null,"dmin":4.638,"rms":0.81,"gap":61,"magType":"mb","type":"earthquake","title":"M 4.6 - 13km E of Lakatoro, Vanuatu"},"geometry":{"type":"Point","coordinates":[167.5461,-16.1224,46.97]},"id":"us10007p95"},
{"type":"Feature","properties":{"mag":4.5,"place":"26km NE of Sibolga, Indonesia","time":1483365835700,"updated":1483379533040,"tz":420,"url":"http://earthquake.usgs.gov/earthquakes/eventpage/us10007p8t","detail":"http://earthquake.usgs.gov/earthquakes/feed/v1.0/detail/us10007p8t.geojson","felt":null,"cdi":null,"mmi":null,"alert":null,"status":"reviewed","tsunami":0,"sig":312,"net":"us","code":"10007p8t","ids":",us10007p8t,","sources":",us,","types":",geoserve,origin,phase-data,","nst":null,"dmin":0.779,"rms":0.73,"gap":65,"magType":"mb","type":"earthquake","title":"M 4.5 - 26km NE of Sibolga, Indonesia"},"geometry":{"type":"Point","coordinates":[98.9439,1.9096,121.07]},"id":"us10007p8t"},
{"type":"Feature","properties":{"mag":6.3,"place":"South of the Fiji Islands","time":1483362842820,"updated":1483639427040,"tz":720,"url":"http://earthquake.usgs.gov/earthquakes/eventpage/us10007p7m","detail":"http://earthquake.usgs.gov/earthquakes/feed/v1.0/detail/us10007p7m.geojson","felt":null,"cdi":null,"mmi":1.97,"alert":"green","status":"reviewed","tsunami":0,"sig":611,"net":"us","code":"10007p7m","ids":",us10007p7m,","sources":",us,","types":",geoserve,losspager,moment-tensor,origin,phase-data,shakemap,","nst":null,"dmin":5.684,"rms":0.75,"gap":36,"magType":"mwb","type":"earthquake","title":"M 6.3 - South of the Fiji Islands"},"geometry":{"type":"Point","coordinates":[179.3064,-23.3351,555.12]},"id":"us10007p7m"},
{"type":"Feature","properties":{"mag":5.9,"place":"40km E of Barranca, Peru","time":1483362828920,"updated":1483644834000,"tz":-300,"url":"http://earthquake.usgs.gov/earthquakes/eventpage/us10007p7n","detail":"http://earthquake.usgs.gov/earthquakes/feed/v1.0/detail/us10007p7n.geojson","felt":28,"cdi":4.8,"mmi":4.25,"alert":"green","status":"reviewed","tsunami":0,"sig":549,"net":"us","code":"10007p7n","ids":",us10007p7n,","sources":",us,","types":",dyfi,geoserve,losspager,moment-tensor,origin,phase-data,shakemap,","nst":null,"dmin":4.585,"rms":0.71,"gap":31,"magType":"mwb","type":"earthquake","title":"M 5.9 - 40km E of Barranca, Peru"},"geometry":{"type":"Point","coordinates":[-76.3407,-4.8891,108.41]},"id":"us10007p7n"},
{"type":"Feature","properties":{"mag":4.7,"place":"121km SSE of Isangel, Vanuatu","time":1483360904300,"updated":1483361894040,"tz":660,"url":"http://earthquake.usgs.gov/earthquakes/eventpage/us10007p7j","detail":"http://earthquake.usgs.gov/earthquakes/feed/v1.0/detail/us10007p7j.geojson","felt":null,"cdi":null,"mmi":null,"alert":null,"status":"reviewed","tsunami":0,"sig":340,"net":"us","code":"10007p7j","ids":",us10007p7j,","sources":",us,","types":",geoserve,origin,phase-data,","nst":null,"dmin":1.72,"rms":0.8,"gap":242,"magType":"mb","type":"earthquake","title":"M 4.7 - 121km SSE of Isangel, Vanuatu"},"geometry":{"type":"Point","coordinates":[169.6128,-20.596,115.45]},"id":"us10007p7j"},
{"type":"Feature","properties":{"mag":5.3,"place":"South of the Fiji Islands","time":1483352117790,"updated":1483364470040,"tz":720,"url":"http://earthquake.usgs.gov/earthquakes/eventpage/us10007p6z","detail":"http://earthquake.usgs.gov/earthquakes/feed/v1.0/detail/us10007p6z.geojson","felt":null,"cdi":null,"mmi":null,"alert":null,"status":"reviewed","tsunami":0,"sig":432,"net":"us","code":"10007p6z","ids":",us10007p6z,","sources":",us,","types":",geoserve,origin,phase-data,","nst":null,"dmin":5.626,"rms":1.38,"gap":23,"magType":"mb","type":"earthquake","title":"M 5.3 - South of the Fiji Islands"},"geometry":{"type":"Point","coordinates":[179.1731,-23.3011,561.06]},"id":"us10007p6z"},
{"type":"Feature","properties":{"mag":4.5,"place":"28km W of Ust'-Barguzin, Russia","time":1483342267600,"updated":1483371062137,"tz":480,"url":"http://earthquake.usgs.gov/earthquakes/eventpage/us10007p6p","detail":"http://earthquake.usgs.gov/earthquakes/feed/v1.0/detail/us10007p6p.geojson","felt":2,"cdi":3.1,"mmi":null,"alert":null,"status":"reviewed","tsunami":0,"sig":312,"net":"us","code":"10007p6p","ids":",us10007p6p,","sources":",us,","types":",dyfi,geoserve,origin,phase-data,","nst":null,"dmin":5.692,"rms":0.97,"gap":62,"magType":"mb","type":"earthquake","title":"M 4.5 - 28km W of Ust'-Barguzin, Russia"},"geometry":{"type":"Point","coordinates":[108.5551,53.4699,19.8]},"id":"us10007p6p"}],"bbox":[-179.4484,-60.5842,10,179.3064,74.3204,587.1]}